0;человек;{"name":"человек"}
1;время;{"name":"время"}
2;жизнь;{"name":"жизнь"}
3;работа;{"name":"работа"}
4;слово;{"name":"слово"}
5;место;{"name":"место"}
6;вопрос;{"name":"вопрос"}
7;сторона;{"name":"сторона"}
8;страна;{"name":"страна"}
9;случай;{"name":"случай"}
10;конец;{"name":"конец"}
11;система;{"name":"система"}
12;часть;{"name":"часть"}
13;город;{"name":"город"}
14;отношение;{"name":"отношение"}
15;женщина;{"name":"женщина"}
16;машина;{"name":"машина"}
17;проблема;{"name":"проблема"}
18;решение;{"name":"решение"}
19;дверь;{"name":"дверь"}
20;история;{"name":"история"}
21;власть;{"name":"власть"}
22;закон;{"name":"закон"}
23;война;{"name":"война"}
24;голос;{"name":"голос"}
25;книга;{"name":"книга"}
26;возможность;{"name":"возможность"}
27;результат;{"name":"результат"}
28;область;{"name":"область"}
29;статья;{"name":"статья"}
30;число;{"name":"число"}
31;компания;{"name":"компания"}
32;народ;{"name":"народ"}
33;группа;{"name":"группа"}
34;развитие;{"name":"развитие"}
35;процесс;{"name":"процесс"}
36;условие;{"name":"условие"}
37;средство;{"name":"средство"}
38;уровень;{"name":"уровень"}
39;форма;{"name":"форма"}
40;связь;{"name":"связь"}
41;минута;{"name":"минута"}
42;улица;{"name":"улица"}
43;вечер;{"name":"вечер"}
44;качество;{"name":"качество"}
45;дорога;{"name":"дорога"}
46;действие;{"name":"действие"}
47;государство;{"name":"государство"}
48;любовь;{"name":"любовь"}
49;взгляд;{"name":"взгляд"}
50;школа;{"name":"школа"}
51;общество;{"name":"общество"}
52;деятельность;{"name":"деятельность"}
53;организация;{"name":"организация"}
54;президент;{"name":"президент"}
55;комната;{"name":"комната"}
56;порядок;{"name":"порядок"}
57;момент;{"name":"момент"}
58;театр;{"name":"театр"}
59;письмо;{"name":"письмо"}
60;помощь;{"name":"помощь"}
61;ситуация;{"name":"ситуация"}
62;рубль;{"name":"рубль"}
63;состояние;{"name":"состояние"}
64;квартира;{"name":"квартира"}
65;внимание;{"name":"внимание"}
66;программа;{"name":"программа"}
67;задача;{"name":"задача"}
68;предприятие;{"name":"предприятие"}
69;разговор;{"name":"разговор"}
70;правительство;{"name":"правительство"}
71;семья;{"name":"семья"}
72;производство;{"name":"производство"}
73;информация;{"name":"информация"}
74;положение;{"name":"положение"}
75;центр;{"name":"центр"}
76;ответ;{"name":"ответ"}
77;интерес;{"name":"интерес"}
78;федерация;{"name":"федерация"}
79;управление;{"name":"управление"}
80;мужчина;{"name":"мужчина"}
81;совет;{"name":"совет"}
82;сердце;{"name":"сердце"}
83;движение;{"name":"движение"}
84;материал;{"name":"материал"}
85;чувство;{"name":"чувство"}
86;неделя;{"name":"неделя"}
87;наука;{"name":"наука"}
88;газета;{"name":"газета"}
89;причина;{"name":"причина"}
90;плечо;{"name":"плечо"}
91;точка;{"name":"точка"}
92;основа;{"name":"основа"}
93;товарищ;{"name":"товарищ"}
94;культура;{"name":"культура"}
95;мнение;{"name":"мнение"}
96;документ;{"name":"документ"}
97;институт;{"name":"институт"}
98;проект;{"name":"проект"}
99;встреча;{"name":"встреча"}
100;палец;{"name":"палец"}
101;служба;{"name":"служба"}
102;судьба;{"name":"судьба"}
103;девушка;{"name":"девушка"}
104;очередь;{"name":"очередь"}
105;состав;{"name":"состав"}
106;количество;{"name":"количество"}
107;объект;{"name":"объект"}
108;создание;{"name":"создание"}
109;значение;{"name":"значение"}
110;период;{"name":"период"}
111;искусство;{"name":"искусство"}
112;структура;{"name":"структура"}
113;пример;{"name":"пример"}
114;номер;{"name":"номер"}
115;исследование;{"name":"исследование"}
116;гражданин;{"name":"гражданин"}
117;начальник;{"name":"начальник"}
118;принцип;{"name":"принцип"}
119;метод;{"name":"метод"}
120;фильм;{"name":"фильм"}
121;гость;{"name":"гость"}
122;воздух;{"name":"воздух"}
123;характер;{"name":"характер"}
124;борьба;{"name":"борьба"}
125;размер;{"name":"размер"}
126;образование;{"name":"образование"}
127;мальчик;{"name":"мальчик"}
128;район;{"name":"район"}
129;кровь;{"name":"кровь"}
130;армия;{"name":"армия"}
131;класс;{"name":"класс"}
132;представитель;{"name":"представитель"}
133;участие;{"name":"участие"}
134;девочка;{"name":"девочка"}
135;герой;{"name":"герой"}
136;картина;{"name":"картина"}
137;спина;{"name":"спина"}
138;доллар;{"name":"доллар"}
139;территория;{"name":"территория"}
140;изменение;{"name":"изменение"}
141;течение;{"name":"течение"}
142;рисунок;{"name":"рисунок"}
143;направление;{"name":"направление"}
144;церковь;{"name":"церковь"}
145;сцена;{"name":"сцена"}
146;население;{"name":"население"}
147;большинство;{"name":"большинство"}
148;свобода;{"name":"свобода"}
149;память;{"name":"память"}
150;команда;{"name":"команда"}
151;договор;{"name":"договор"}
152;дерево;{"name":"дерево"}
153;хозяин;{"name":"хозяин"}
154;природа;{"name":"природа"}
155;телефон;{"name":"телефон"}
156;позиция;{"name":"позиция"}
157;писатель;{"name":"писатель"}
158;солнце;{"name":"солнце"}
159;спектакль;{"name":"спектакль"}
160;берег;{"name":"берег"}
161;фирма;{"name":"фирма"}
162;способ;{"name":"способ"}
163;руководитель;{"name":"руководитель"}
164;журнал;{"name":"журнал"}
165;специалист;{"name":"специалист"}
166;оценка;{"name":"оценка"}
167;регион;{"name":"регион"}
168;процент;{"name":"процент"}
169;песня;{"name":"песня"}
170;родитель;{"name":"родитель"}
171;требование;{"name":"требование"}
172;половина;{"name":"половина"}
173;основание;{"name":"основание"}
174;роман;{"name":"роман"}
175;анализ;{"name":"анализ"}
176;автомобиль;{"name":"автомобиль"}
177;экономика;{"name":"экономика"}
178;литература;{"name":"литература"}
179;бумага;{"name":"бумага"}
180;степень;{"name":"степень"}
181;господин;{"name":"господин"}
182;надежда;{"name":"надежда"}
183;предмет;{"name":"предмет"}
184;министр;{"name":"министр"}
185;вариант;{"name":"вариант"}
186;граница;{"name":"граница"}
187;модель;{"name":"модель"}
188;операция;{"name":"операция"}
189;название;{"name":"название"}
190;миллион;{"name":"миллион"}
191;успех;{"name":"успех"}
192;счастье;{"name":"счастье"}
193;ребята;{"name":"ребята"}
194;кабинет;{"name":"кабинет"}
195;пространство;{"name":"пространство"}
196;магазин;{"name":"магазин"}
197;знание;{"name":"знание"}
198;текст;{"name":"текст"}
199;защита;{"name":"защита"}
200;руководство;{"name":"руководство"}
201;сознание;{"name":"сознание"}
202;площадь;{"name":"площадь"}
203;возраст;{"name":"возраст"}
204;участок;{"name":"участок"}
205;участник;{"name":"участник"}
206;пункт;{"name":"пункт"}
207;линия;{"name":"линия"}
208;желание;{"name":"желание"}
209;доктор;{"name":"доктор"}
210;председатель;{"name":"председатель"}
211;художник;{"name":"художник"}
212;солдат;{"name":"солдат"}
213;представление;{"name":"представление"}
214;оружие;{"name":"оружие"}
215;соответствие;{"name":"соответствие"}
216;парень;{"name":"парень"}
217;ветер;{"name":"ветер"}
218;зрение;{"name":"зрение"}
219;генерал;{"name":"генерал"}
220;строительство;{"name":"строительство"}
221;понятие;{"name":"понятие"}
222;грудь;{"name":"грудь"}
223;услуга;{"name":"услуга"}
224;содержание;{"name":"содержание"}
225;радость;{"name":"радость"}
226;безопасность;{"name":"безопасность"}
227;продукт;{"name":"продукт"}
228;комплекс;{"name":"комплекс"}
229;бизнес;{"name":"бизнес"}
230;сотрудник;{"name":"сотрудник"}
231;технология;{"name":"технология"}
232;реформа;{"name":"реформа"}
233;отсутствие;{"name":"отсутствие"}
234;собака;{"name":"собака"}
235;камень;{"name":"камень"}
236;рассказ;{"name":"рассказ"}
237;контроль;{"name":"контроль"}
238;продукция;{"name":"продукция"}
239;сумма;{"name":"сумма"}
240;техника;{"name":"техника"}
241;здание;{"name":"здание"}
242;сфера;{"name":"сфера"}
243;необходимость;{"name":"необходимость"}
244;подготовка;{"name":"подготовка"}
245;республика;{"name":"республика"}
246;хозяйство;{"name":"хозяйство"}
247;бюджет;{"name":"бюджет"}
248;деревня;{"name":"деревня"}
249;мужик;{"name":"мужик"}
250;элемент;{"name":"элемент"}
251;обстоятельство;{"name":"обстоятельство"}
252;немец;{"name":"немец"}
253;победа;{"name":"победа"}
254;источник;{"name":"источник"}
255;звезда;{"name":"звезда"}
256;масса;{"name":"масса"}
257;сестра;{"name":"сестра"}
258;практика;{"name":"практика"}
259;проведение;{"name":"проведение"}
260;карман;{"name":"карман"}
261;слава;{"name":"слава"}
262;определение;{"name":"определение"}
263;кухня;{"name":"кухня"}
264;функция;{"name":"функция"}
265;войско;{"name":"войско"}
266;применение;{"name":"применение"}
267;комиссия;{"name":"комиссия"}
268;работник;{"name":"работник"}
269;капитан;{"name":"капитан"}
270;обеспечение;{"name":"обеспечение"}
271;офицер;{"name":"офицер"}
272;фамилия;{"name":"фамилия"}
273;предел;{"name":"предел"}
274;теория;{"name":"теория"}
275;отдел;{"name":"отдел"}
276;разработка;{"name":"разработка"}
277;личность;{"name":"личность"}
278;товар;{"name":"товар"}
279;праздник;{"name":"праздник"}
280;влияние;{"name":"влияние"}
281;читатель;{"name":"читатель"}
282;удовольствие;{"name":"удовольствие"}
283;слеза;{"name":"слеза"}
284;учитель;{"name":"учитель"}
285;ответственность;{"name":"ответственность"}
286;множество;{"name":"множество"}
287;особенность;{"name":"особенность"}
288;показатель;{"name":"показатель"}
289;корабль;{"name":"корабль"}
290;впечатление;{"name":"впечатление"}
291;частность;{"name":"частность"}
292;детство;{"name":"детство"}
293;профессор;{"name":"профессор"}
294;норма;{"name":"норма"}
295;прошлое;{"name":"прошлое"}
296;командир;{"name":"командир"}
297;коридор;{"name":"коридор"}
298;рамка;{"name":"рамка"}
299;поддержка;{"name":"поддержка"}
300;собрание;{"name":"собрание"}
301;клетка;{"name":"клетка"}
302;болезнь;{"name":"болезнь"}
303;заявление;{"name":"заявление"}
304;сравнение;{"name":"сравнение"}
305;депутат;{"name":"депутат"}
306;комитет;{"name":"комитет"}
307;режим;{"name":"режим"}
308;целое;{"name":"целое"}
309;вирус;{"name":"вирус"}
310;здоровье;{"name":"здоровье"}
311;десяток;{"name":"десяток"}
312;глубина;{"name":"глубина"}
313;студент;{"name":"студент"}
314;скорость;{"name":"скорость"}
315;секунда;{"name":"секунда"}
316;поиск;{"name":"поиск"}
317;налог;{"name":"налог"}
318;ошибка;{"name":"ошибка"}
319;доход;{"name":"доход"}
320;поверхность;{"name":"поверхность"}
321;ощущение;{"name":"ощущение"}
322;станция;{"name":"станция"}
323;карта;{"name":"карта"}
324;революция;{"name":"революция"}
325;министерство;{"name":"министерство"}
326;колено;{"name":"колено"}
327;бабушка;{"name":"бабушка"}
328;трубка;{"name":"трубка"}
329;мастер;{"name":"мастер"}
330;поведение;{"name":"поведение"}
331;столица;{"name":"столица"}
332;передача;{"name":"передача"}
333;механизм;{"name":"механизм"}
334;способность;{"name":"способность"}
335;подход;{"name":"подход"}
336;энергия;{"name":"энергия"}
337;существование;{"name":"существование"}
338;исполнение;{"name":"исполнение"}
339;сожаление;{"name":"сожаление"}
340;заместитель;{"name":"заместитель"}
341;ресурс;{"name":"ресурс"}
342;рождение;{"name":"рождение"}
343;акция;{"name":"акция"}
344;администрация;{"name":"администрация"}
345;стоимость;{"name":"стоимость"}
346;артист;{"name":"артист"}
347;фраза;{"name":"фраза"}
348;сосед;{"name":"сосед"}
349;фигура;{"name":"фигура"}
350;субъект;{"name":"субъект"}
351;фотография;{"name":"фотография"}
352;список;{"name":"список"}
353;журналист;{"name":"журналист"}
354;нарушение;{"name":"нарушение"}
355;толпа;{"name":"толпа"}
356;больница;{"name":"больница"}
357;поколение;{"name":"поколение"}
358;усилие;{"name":"усилие"}
359;схема;{"name":"схема"}
360;отличие;{"name":"отличие"}
361;остров;{"name":"остров"}
362;противник;{"name":"противник"}
363;волна;{"name":"волна"}
364;страница;{"name":"страница"}
365;реализация;{"name":"реализация"}
366;формирование;{"name":"формирование"}
367;житель;{"name":"житель"}
368;красота;{"name":"красота"}
369;птица;{"name":"птица"}
370;растение;{"name":"растение"}
371;явление;{"name":"явление"}
372;наличие;{"name":"наличие"}
373;водка;{"name":"водка"}
374;одежда;{"name":"одежда"}
375;кресло;{"name":"кресло"}
376;больной;{"name":"больной"}
377;университет;{"name":"университет"}
378;поезд;{"name":"поезд"}
379;традиция;{"name":"традиция"}
380;ладонь;{"name":"ладонь"}
381;декабрь;{"name":"декабрь"}
382;адрес;{"name":"адрес"}
383;цветок;{"name":"цветок"}
384;октябрь;{"name":"октябрь"}
385;лидер;{"name":"лидер"}
386;сентябрь;{"name":"сентябрь"}
387;занятие;{"name":"занятие"}
388;январь;{"name":"январь"}
389;помещение;{"name":"помещение"}
390;зритель;{"name":"зритель"}
391;редакция;{"name":"редакция"}
392;стиль;{"name":"стиль"}
393;весна;{"name":"весна"}
394;известие;{"name":"известие"}
395;август;{"name":"август"}
396;охрана;{"name":"охрана"}
397;зависимость;{"name":"зависимость"}
398;оборудование;{"name":"оборудование"}
399;расход;{"name":"расход"}
400;отделение;{"name":"отделение"}
401;концерт;{"name":"концерт"}
402;милиция;{"name":"милиция"}
403;переход;{"name":"переход"}
404;эпоха;{"name":"эпоха"}
405;тайна;{"name":"тайна"}
406;собственность;{"name":"собственность"}
407;родина;{"name":"родина"}
408;произведение;{"name":"произведение"}
409;запад;{"name":"запад"}
410;трава;{"name":"трава"}
411;лагерь;{"name":"лагерь"}
412;кровать;{"name":"кровать"}
413;имущество;{"name":"имущество"}
414;середина;{"name":"середина"}
415;аппарат;{"name":"аппарат"}
416;клиент;{"name":"клиент"}
417;фронт;{"name":"фронт"}
418;отрасль;{"name":"отрасль"}
419;беседа;{"name":"беседа"}
420;продажа;{"name":"продажа"}
421;законодательство;{"name":"законодательство"}
422;музей;{"name":"музей"}
423;сомнение;{"name":"сомнение"}
424;полковник;{"name":"полковник"}
425;понимание;{"name":"понимание"}
426;апрель;{"name":"апрель"}
427;князь;{"name":"князь"}
428;сутки;{"name":"сутки"}
429;кодекс;{"name":"кодекс"}
430;судья;{"name":"судья"}
431;настроение;{"name":"настроение"}
432;поток;{"name":"поток"}
433;преступление;{"name":"преступление"}
434;должность;{"name":"должность"}
435;еврей;{"name":"еврей"}
436;сотня;{"name":"сотня"}
437;дождь;{"name":"дождь"}
438;лестница;{"name":"лестница"}
439;установка;{"name":"установка"}
440;получение;{"name":"получение"}
441;труба;{"name":"труба"}
442;образец;{"name":"образец"}
443;осень;{"name":"осень"}
444;костюм;{"name":"костюм"}
445;ценность;{"name":"ценность"}
446;пьеса;{"name":"пьеса"}
447;обязанность;{"name":"обязанность"}
448;таблица;{"name":"таблица"}
449;лошадь;{"name":"лошадь"}
450;воспоминание;{"name":"воспоминание"}
451;коллега;{"name":"коллега"}
452;учреждение;{"name":"учреждение"}
453;ученик;{"name":"ученик"}
454;характеристика;{"name":"характеристика"}
455;оборона;{"name":"оборона"}
456;температура;{"name":"температура"}
457;приказ;{"name":"приказ"}
458;подруга;{"name":"подруга"}
459;перспектива;{"name":"перспектива"}
460;ресторан;{"name":"ресторан"}
461;жертва;{"name":"жертва"}
462;километр;{"name":"километр"}
463;признак;{"name":"признак"}
464;американец;{"name":"американец"}
465;заключение;{"name":"заключение"}
466;восток;{"name":"восток"}
467;исключение;{"name":"исключение"}
468;постановление;{"name":"постановление"}
469;секретарь;{"name":"секретарь"}
470;перевод;{"name":"перевод"}
471;кусок;{"name":"кусок"}
472;польза;{"name":"польза"}
473;звонок;{"name":"звонок"}
474;обстановка;{"name":"обстановка"}
475;соглашение;{"name":"соглашение"}
476;русский;{"name":"русский"}
477;деталь;{"name":"деталь"}
478;тишина;{"name":"тишина"}
479;зарплата;{"name":"зарплата"}
480;тюрьма;{"name":"тюрьма"}
481;подарок;{"name":"подарок"}
482;билет;{"name":"билет"}
483;конкурс;{"name":"конкурс"}
484;книжка;{"name":"книжка"}
485;изучение;{"name":"изучение"}
486;просьба;{"name":"просьба"}
487;публика;{"name":"публика"}
488;угроза;{"name":"угроза"}
489;сообщение;{"name":"сообщение"}
490;реклама;{"name":"реклама"}
491;назначение;{"name":"назначение"}
492;достижение;{"name":"достижение"}
493;портрет;{"name":"портрет"}
494;масло;{"name":"масло"}
495;стакан;{"name":"стакан"}
496;телевизор;{"name":"телевизор"}
497;творчество;{"name":"творчество"}
498;инструмент;{"name":"инструмент"}
499;экран;{"name":"экран"}
500;лейтенант;{"name":"лейтенант"}
501;концепция;{"name":"концепция"}
502;канал;{"name":"канал"}
503;конфликт;{"name":"конфликт"}
504;запись;{"name":"запись"}
505;вагон;{"name":"вагон"}
506;сотрудничество;{"name":"сотрудничество"}
507;последствие;{"name":"последствие"}
508;площадка;{"name":"площадка"}
509;зеркало;{"name":"зеркало"}
510;академия;{"name":"академия"}
511;потребность;{"name":"потребность"}
512;палата;{"name":"палата"}
513;ноябрь;{"name":"ноябрь"}
514;увеличение;{"name":"увеличение"}
515;поездка;{"name":"поездка"}
516;дурак;{"name":"дурак"}
517;февраль;{"name":"февраль"}
518;потеря;{"name":"потеря"}
519;устройство;{"name":"устройство"}
520;принятие;{"name":"принятие"}
521;мероприятие;{"name":"мероприятие"}
522;вещество;{"name":"вещество"}
523;сезон;{"name":"сезон"}
524;категория;{"name":"категория"}
525;издание;{"name":"издание"}
526;гостиница;{"name":"гостиница"}
527;человечество;{"name":"человечество"}
528;темнота;{"name":"темнота"}
529;объединение;{"name":"объединение"}
530;опасность;{"name":"опасность"}
531;колесо;{"name":"колесо"}
532;коллектив;{"name":"коллектив"}
533;камера;{"name":"камера"}
534;следствие;{"name":"следствие"}
535;длина;{"name":"длина"}
536;родственник;{"name":"родственник"}
537;кандидат;{"name":"кандидат"}
538;присутствие;{"name":"присутствие"}
539;давление;{"name":"давление"}
540;доска;{"name":"доска"}
541;взаимодействие;{"name":"взаимодействие"}
542;двигатель;{"name":"двигатель"}
543;достоинство;{"name":"достоинство"}
544;истина;{"name":"истина"}
545;разница;{"name":"разница"}
546;оплата;{"name":"оплата"}
547;водитель;{"name":"водитель"}
548;снижение;{"name":"снижение"}
549;пакет;{"name":"пакет"}
550;формула;{"name":"формула"}
551;капитал;{"name":"капитал"}
552;живот;{"name":"живот"}
553;эффект;{"name":"эффект"}
554;новость;{"name":"новость"}
555;губернатор;{"name":"губернатор"}
556;эксперт;{"name":"эксперт"}
557;убийство;{"name":"убийство"}
558;смена;{"name":"смена"}
559;доклад;{"name":"доклад"}
560;платье;{"name":"платье"}
561;автобус;{"name":"автобус"}
562;психология;{"name":"психология"}
563;общение;{"name":"общение"}
564;ремонт;{"name":"ремонт"}
565;процедура;{"name":"процедура"}
566;порог;{"name":"порог"}
567;обращение;{"name":"обращение"}
568;ожидание;{"name":"ожидание"}
569;памятник;{"name":"памятник"}
570;наблюдение;{"name":"наблюдение"}
571;корень;{"name":"корень"}
572;признание;{"name":"признание"}
573;доказательство;{"name":"доказательство"}
574;буква;{"name":"буква"}
575;постель;{"name":"постель"}
576;компьютер;{"name":"компьютер"}
577;владелец;{"name":"владелец"}
578;инженер;{"name":"инженер"}
579;старуха;{"name":"старуха"}
580;ракета;{"name":"ракета"}
581;лодка;{"name":"лодка"}
582;серия;{"name":"серия"}
583;шутка;{"name":"шутка"}
584;вершина;{"name":"вершина"}
585;торговля;{"name":"торговля"}
586;нефть;{"name":"нефть"}
587;цифра;{"name":"цифра"}
588;недостаток;{"name":"недостаток"}
589;корпус;{"name":"корпус"}
590;талант;{"name":"талант"}
591;сущность;{"name":"сущность"}
592;сапог;{"name":"сапог"}
593;полоса;{"name":"полоса"}
594;рассмотрение;{"name":"рассмотрение"}
595;следователь;{"name":"следователь"}
596;описание;{"name":"описание"}
597;отказ;{"name":"отказ"}
598;редактор;{"name":"редактор"}
599;забота;{"name":"забота"}
600;дворец;{"name":"дворец"}
601;эксперимент;{"name":"эксперимент"}
602;печать;{"name":"печать"}
603;кольцо;{"name":"кольцо"}
604;пистолет;{"name":"пистолет"}
605;профессия;{"name":"профессия"}
606;начальство;{"name":"начальство"}
607;воспитание;{"name":"воспитание"}
608;дружба;{"name":"дружба"}
609;окончание;{"name":"окончание"}
610;совесть;{"name":"совесть"}
611;инициатива;{"name":"инициатива"}
612;записка;{"name":"записка"}
613;величина;{"name":"величина"}
614;спорт;{"name":"спорт"}
615;кость;{"name":"кость"}
616;активность;{"name":"активность"}
617;майор;{"name":"майор"}
618;потолок;{"name":"потолок"}
619;конференция;{"name":"конференция"}
620;помощник;{"name":"помощник"}
621;библиотека;{"name":"библиотека"}
622;ручка;{"name":"ручка"}
623;конструкция;{"name":"конструкция"}
624;металл;{"name":"металл"}
625;транспорт;{"name":"транспорт"}
626;прокурор;{"name":"прокурор"}
627;молоко;{"name":"молоко"}
628;соединение;{"name":"соединение"}
629;поэзия;{"name":"поэзия"}
630;расстояние;{"name":"расстояние"}
631;краска;{"name":"краска"}
632;мечта;{"name":"мечта"}
633;подразделение;{"name":"подразделение"}
634;сюжет;{"name":"сюжет"}
635;сигнал;{"name":"сигнал"}
636;рубеж;{"name":"рубеж"}
637;крест;{"name":"крест"}
638;атмосфера;{"name":"атмосфера"}
639;сигарета;{"name":"сигарета"}
640;контакт;{"name":"контакт"}
641;премия;{"name":"премия"}
642;почва;{"name":"почва"}
643;золото;{"name":"золото"}
644;восторг;{"name":"восторг"}
645;подъезд;{"name":"подъезд"}
646;король;{"name":"король"}
647;мальчишка;{"name":"мальчишка"}
648;заказ;{"name":"заказ"}
649;автомат;{"name":"автомат"}
650;штука;{"name":"штука"}
651;чтение;{"name":"чтение"}
652;ставка;{"name":"ставка"}
653;свидетель;{"name":"свидетель"}
654;удивление;{"name":"удивление"}
655;сумка;{"name":"сумка"}
656;хвост;{"name":"хвост"}
657;поворот;{"name":"поворот"}
658;песок;{"name":"песок"}
659;статус;{"name":"статус"}
660;мгновение;{"name":"мгновение"}
661;озеро;{"name":"озеро"}
662;тенденция;{"name":"тенденция"}
663;сказка;{"name":"сказка"}
664;параметр;{"name":"параметр"}
665;масштаб;{"name":"масштаб"}
666;версия;{"name":"версия"}
667;хозяйка;{"name":"хозяйка"}
668;танец;{"name":"танец"}
669;дочка;{"name":"дочка"}
670;эксплуатация;{"name":"эксплуатация"}
671;приятель;{"name":"приятель"}
672;пенсия;{"name":"пенсия"}
673;коммунист;{"name":"коммунист"}
674;объяснение;{"name":"объяснение"}
675;философия;{"name":"философия"}
676;производитель;{"name":"производитель"}
677;набор;{"name":"набор"}
678;обязательство;{"name":"обязательство"}
679;мощность;{"name":"мощность"}
680;кризис;{"name":"кризис"}
681;горло;{"name":"горло"}
682;указание;{"name":"указание"}
683;яблоко;{"name":"яблоко"}
684;препарат;{"name":"препарат"}
685;остаток;{"name":"остаток"}
686;москвич;{"name":"москвич"}
687;действительность;{"name":"действительность"}
688;сочинение;{"name":"сочинение"}
689;сделка;{"name":"сделка"}
690;изображение;{"name":"изображение"}
691;покупатель;{"name":"покупатель"}
692;строка;{"name":"строка"}
693;затрата;{"name":"затрата"}
694;чемпионат;{"name":"чемпионат"}
695;обработка;{"name":"обработка"}
696;единица;{"name":"единица"}
697;лаборатория;{"name":"лаборатория"}
698;регистрация;{"name":"регистрация"}
699;милиционер;{"name":"милиционер"}
700;изделие;{"name":"изделие"}
701;молитва;{"name":"молитва"}
702;телевидение;{"name":"телевидение"}
703;съезд;{"name":"съезд"}
704;погода;{"name":"погода"}
705;введение;{"name":"введение"}
706;планета;{"name":"планета"}
707;корреспондент;{"name":"корреспондент"}
708;минимум;{"name":"минимум"}
709;согласие;{"name":"согласие"}
710;прокуратура;{"name":"прокуратура"}
711;гибель;{"name":"гибель"}
712;вокзал;{"name":"вокзал"}
713;стенка;{"name":"стенка"}
714;тревога;{"name":"тревога"}
715;напряжение;{"name":"напряжение"}
716;распоряжение;{"name":"распоряжение"}
717;логика;{"name":"логика"}
718;задание;{"name":"задание"}
719;распределение;{"name":"распределение"}
720;кошка;{"name":"кошка"}
721;сценарий;{"name":"сценарий"}
722;пятно;{"name":"пятно"}
723;бригада;{"name":"бригада"}
724;ограничение;{"name":"ограничение"}
725;ткань;{"name":"ткань"}
726;термин;{"name":"термин"}
727;надпись;{"name":"надпись"}
728;океан;{"name":"океан"}
729;визит;{"name":"визит"}
730;уважение;{"name":"уважение"}
731;прибор;{"name":"прибор"}
732;предприниматель;{"name":"предприниматель"}
733;пауза;{"name":"пауза"}
734;паспорт;{"name":"паспорт"}
735;ведомство;{"name":"ведомство"}
736;ствол;{"name":"ствол"}
737;поступок;{"name":"поступок"}
738;постановка;{"name":"постановка"}
739;готовность;{"name":"готовность"}
740;радио;{"name":"радио"}
741;контракт;{"name":"контракт"}
742;адвокат;{"name":"адвокат"}
743;оборот;{"name":"оборот"}
744;кампания;{"name":"кампания"}
745;академик;{"name":"академик"}
746;потребитель;{"name":"потребитель"}
747;нация;{"name":"нация"}
748;зверь;{"name":"зверь"}
749;агентство;{"name":"агентство"}
750;коробка;{"name":"коробка"}
751;метро;{"name":"метро"}
752;инвестиция;{"name":"инвестиция"}
753;дедушка;{"name":"дедушка"}
754;стихотворение;{"name":"стихотворение"}
755;публикация;{"name":"публикация"}
756;преимущество;{"name":"преимущество"}
757;десятилетие;{"name":"десятилетие"}
758;пальто;{"name":"пальто"}
759;тоска;{"name":"тоска"}
760;порода;{"name":"порода"}
761;обмен;{"name":"обмен"}
762;фестиваль;{"name":"фестиваль"}
763;стремление;{"name":"стремление"}
764;заболевание;{"name":"заболевание"}
765;забор;{"name":"забор"}
766;мороз;{"name":"мороз"}
767;мебель;{"name":"мебель"}
768;вооружение;{"name":"вооружение"}
769;перемена;{"name":"перемена"}
770;протокол;{"name":"протокол"}
771;трудность;{"name":"трудность"}
772;спрос;{"name":"спрос"}
773;грязь;{"name":"грязь"}
774;финансирование;{"name":"финансирование"}
775;стандарт;{"name":"стандарт"}
776;пассажир;{"name":"пассажир"}
777;стадия;{"name":"стадия"}
778;утверждение;{"name":"утверждение"}
779;звание;{"name":"звание"}
780;критерий;{"name":"критерий"}
781;север;{"name":"север"}
782;наказание;{"name":"наказание"}
783;учение;{"name":"учение"}
784;склад;{"name":"склад"}
785;сектор;{"name":"сектор"}
786;конституция;{"name":"конституция"}
787;распространение;{"name":"распространение"}
788;мотив;{"name":"мотив"}
789;карандаш;{"name":"карандаш"}
790;знакомство;{"name":"знакомство"}
791;арест;{"name":"арест"}
792;символ;{"name":"символ"}
793;уверенность;{"name":"уверенность"}
794;полномочие;{"name":"полномочие"}
795;отряд;{"name":"отряд"}
796;разведка;{"name":"разведка"}
797;лечение;{"name":"лечение"}
798;рубашка;{"name":"рубашка"}
799;поражение;{"name":"поражение"}
800;собор;{"name":"собор"}
801;привет;{"name":"привет"}
802;нужда;{"name":"нужда"}
803;трагедия;{"name":"трагедия"}
804;подробность;{"name":"подробность"}
805;экзамен;{"name":"экзамен"}
806;спасение;{"name":"спасение"}
807;свидетельство;{"name":"свидетельство"}
808;салон;{"name":"салон"}
809;ассоциация;{"name":"ассоциация"}
810;питание;{"name":"питание"}
811;отпуск;{"name":"отпуск"}
812;молчание;{"name":"молчание"}
813;корова;{"name":"корова"}
814;девчонка;{"name":"девчонка"}
815;оркестр;{"name":"оркестр"}
816;критика;{"name":"критика"}
817;интервью;{"name":"интервью"}
818;миллиард;{"name":"миллиард"}
819;пожар;{"name":"пожар"}
820;холод;{"name":"холод"}
821;статистика;{"name":"статистика"}
822;эпизод;{"name":"эпизод"}
823;потенциал;{"name":"потенциал"}
824;обида;{"name":"обида"}
825;совещание;{"name":"совещание"}
826;персонаж;{"name":"персонаж"}
827;ненависть;{"name":"ненависть"}
828;религия;{"name":"религия"}
829;различие;{"name":"различие"}
830;молодость;{"name":"молодость"}
831;облако;{"name":"облако"}
832;кладбище;{"name":"кладбище"}
833;вклад;{"name":"вклад"}
834;сокращение;{"name":"сокращение"}
835;рукав;{"name":"рукав"}
836;гонка;{"name":"гонка"}
837;чемодан;{"name":"чемодан"}
838;бандит;{"name":"бандит"}
839;атака;{"name":"атака"}
840;сложность;{"name":"сложность"}
841;восстановление;{"name":"восстановление"}
842;скандал;{"name":"скандал"}
843;продолжение;{"name":"продолжение"}
844;построение;{"name":"построение"}
845;игрок;{"name":"игрок"}
846;тонна;{"name":"тонна"}
847;справедливость;{"name":"справедливость"}
848;путешествие;{"name":"путешествие"}
849;происхождение;{"name":"происхождение"}
850;гарантия;{"name":"гарантия"}
851;пластинка;{"name":"пластинка"}
852;месторождение;{"name":"месторождение"}
853;вождь;{"name":"вождь"}
854;юноша;{"name":"юноша"}
855;крестьянин;{"name":"крестьянин"}
856;издательство;{"name":"издательство"}
857;покупка;{"name":"покупка"}
858;стратегия;{"name":"стратегия"}
859;падение;{"name":"падение"}
860;колонна;{"name":"колонна"}
861;доверие;{"name":"доверие"}
862;бровь;{"name":"бровь"}
863;удача;{"name":"удача"}
864;тарелка;{"name":"тарелка"}
865;деятель;{"name":"деятель"}
866;полгода;{"name":"полгода"}
867;куртка;{"name":"куртка"}
868;оператор;{"name":"оператор"}
869;единство;{"name":"единство"}
870;приход;{"name":"приход"}
871;одиночество;{"name":"одиночество"}
872;шапка;{"name":"шапка"}
873;подпись;{"name":"подпись"}
874;ложка;{"name":"ложка"}
875;цивилизация;{"name":"цивилизация"}
876;прогноз;{"name":"прогноз"}
877;колхоз;{"name":"колхоз"}
878;актриса;{"name":"актриса"}
879;платок;{"name":"платок"}
880;остановка;{"name":"остановка"}
881;методика;{"name":"методика"}
882;локоть;{"name":"локоть"}
883;концентрация;{"name":"концентрация"}
884;жалоба;{"name":"жалоба"}
885;голод;{"name":"голод"}
886;повесть;{"name":"повесть"}
887;переулок;{"name":"переулок"}
888;картошка;{"name":"картошка"}
889;глупость;{"name":"глупость"}
890;страдание;{"name":"страдание"}
891;исполнитель;{"name":"исполнитель"}
892;домик;{"name":"домик"}
893;священник;{"name":"священник"}
894;заказчик;{"name":"заказчик"}
895;ветка;{"name":"ветка"}
896;свадьба;{"name":"свадьба"}
897;мелочь;{"name":"мелочь"}
898;заведение;{"name":"заведение"}
899;справка;{"name":"справка"}
900;подушка;{"name":"подушка"}
901;умение;{"name":"умение"}
902;тариф;{"name":"тариф"}
903;обвинение;{"name":"обвинение"}
904;башня;{"name":"башня"}
905;намерение;{"name":"намерение"}
906;нагрузка;{"name":"нагрузка"}
907;лекция;{"name":"лекция"}
908;гений;{"name":"гений"}
909;подвиг;{"name":"подвиг"}
910;ботинок;{"name":"ботинок"}
911;воскресенье;{"name":"воскресенье"}
912;одеяло;{"name":"одеяло"}
913;дневник;{"name":"дневник"}
914;авиация;{"name":"авиация"}
915;протяжение;{"name":"протяжение"}
916;приговор;{"name":"приговор"}
917;сочетание;{"name":"сочетание"}
918;демократия;{"name":"демократия"}
919;диалог;{"name":"диалог"}
920;расширение;{"name":"расширение"}
921;полиция;{"name":"полиция"}
922;волнение;{"name":"волнение"}
923;столетие;{"name":"столетие"}
924;сахар;{"name":"сахар"}
925;пиджак;{"name":"пиджак"}
926;отчаяние;{"name":"отчаяние"}
927;измерение;{"name":"измерение"}
928;богатство;{"name":"богатство"}
929;точность;{"name":"точность"}
930;пользование;{"name":"пользование"}
931;полчаса;{"name":"полчаса"}
932;манера;{"name":"манера"}
933;коллекция;{"name":"коллекция"}
934;страхование;{"name":"страхование"}
935;смесь;{"name":"смесь"}
936;свидание;{"name":"свидание"}
937;бумажка;{"name":"бумажка"}
938;красавица;{"name":"красавица"}
939;империя;{"name":"империя"}
940;разум;{"name":"разум"}
941;гордость;{"name":"гордость"}
942;студия;{"name":"студия"}
943;суббота;{"name":"суббота"}
944;плита;{"name":"плита"}
945;рукопись;{"name":"рукопись"}
946;брюки;{"name":"брюки"}
947;аэропорт;{"name":"аэропорт"}
948;тренер;{"name":"тренер"}
949;историк;{"name":"историк"}
950;исследователь;{"name":"исследователь"}
951;дорожка;{"name":"дорожка"}
952;авторитет;{"name":"авторитет"}
953;окружение;{"name":"окружение"}
954;продавец;{"name":"продавец"}
955;замечание;{"name":"замечание"}
956;соотношение;{"name":"соотношение"}
957;фабрика;{"name":"фабрика"}
958;карточка;{"name":"карточка"}
959;установление;{"name":"установление"}
960;столовая;{"name":"столовая"}
961;квадрицепс;{"name":"квадрицепс"}
962;забегаловка;{"name":"забегаловка"}
963;фазенда;{"name":"фазенда"}
964;скитание;{"name":"скитание"}
965;фильдеперс;{"name":"фильдеперс"}
966;шнобель;{"name":"шнобель"}
967;хоругвь;{"name":"хоругвь"}
968;гильотина;{"name":"гильотина"}
969;виселица;{"name":"виселица"}
970;своеволие;{"name":"своеволие"}
971;прораб;{"name":"прораб"}
972;купюра;{"name":"купюра"}
973;аятолла;{"name":"аятолла"}
974;двустволка;{"name":"двустволка"}
975;альпеншток;{"name":"альпеншток"}
976;брандмейстер;{"name":"брандмейстер"}
977;валежник;{"name":"валежник"}
978;фейерверк;{"name":"фейерверк"}
979;лорнет;{"name":"лорнет"}
980;водолаз;{"name":"водолаз"}
981;игумен;{"name":"игумен"}
982;орхидея;{"name":"орхидея"}
983;блондинка;{"name":"блондинка"}
984;синекдоха;{"name":"синекдоха"}
985;першерон;{"name":"першерон"}
986;босанова;{"name":"босанова"}
987;деверь;{"name":"деверь"}
988;двуколка;{"name":"двуколка"}
989;профан;{"name":"профан"}
990;портупея;{"name":"портупея"}
991;цезура;{"name":"цезура"}
992;забияка;{"name":"забияка"}
993;глобализация;{"name":"глобализация"}
994;анфилада;{"name":"анфилада"}
995;тюльпан;{"name":"тюльпан"}
996;патронташ;{"name":"патронташ"}
997;сладкоежка;{"name":"сладкоежка"}
998;агрегат;{"name":"агрегат"}
999;развалюха;{"name":"развалюха"}
1000;передряга;{"name":"передряга"}
1001;оплошность;{"name":"оплошность"}
1002;обитель;{"name":"обитель"}
1003;грязнуля;{"name":"грязнуля"}
1004;дацан;{"name":"дацан"}
1005;доброхот;{"name":"доброхот"}
1006;джедай;{"name":"джедай"}
1007;задира;{"name":"задира"}
1008;закоулок;{"name":"закоулок"}
1009;замашка;{"name":"замашка"}
1010;слюнявчик;{"name":"слюнявчик"}
1011;канитель;{"name":"канитель"}
1012;фарватер;{"name":"фарватер"}
1013;брусок;{"name":"брусок"}
1014;самокрутка;{"name":"самокрутка"}
1015;чугунок;{"name":"чугунок"}
1016;конфета;{"name":"конфета"}
1017;вулкан;{"name":"вулкан"}
1018;василёк;{"name":"василёк"}
1019;кильватер;{"name":"кильватер"}
1020;мозоль;{"name":"мозоль"}
1021;гарпун;{"name":"гарпун"}
1022;батарея;{"name":"батарея"}
1023;хандра;{"name":"хандра"}
1024;ателье;{"name":"ателье"}
1025;гарнитура;{"name":"гарнитура"}
1026;однокашник;{"name":"однокашник"}
1027;каземат;{"name":"каземат"}
1028;крокозябра;{"name":"крокозябра"}
1029;галстук;{"name":"галстук"}
1030;самурай;{"name":"самурай"}
1031;борозда;{"name":"борозда"}
1032;обложка;{"name":"обложка"}
1033;жиголо;{"name":"жиголо"}
1034;сермяга;{"name":"сермяга"}
1035;лампада;{"name":"лампада"}
1036;конура;{"name":"конура"}
1037;краснобай;{"name":"краснобай"}
1038;птенец;{"name":"птенец"}
1039;барахло;{"name":"барахло"}
1040;недомогание;{"name":"недомогание"}
1041;пешка;{"name":"пешка"}
1042;прогалина;{"name":"прогалина"}
1043;гончар;{"name":"гончар"}
1044;смельчак;{"name":"смельчак"}
1045;снасть;{"name":"снасть"}
1046;канифоль;{"name":"канифоль"}
1047;мазанка;{"name":"мазанка"}
1048;госпиталь;{"name":"госпиталь"}
1049;предтеча;{"name":"предтеча"}
1050;апатия;{"name":"апатия"}
1051;ряженка;{"name":"ряженка"}
1052;враньё;{"name":"враньё"}
1053;бренди;{"name":"бренди"}
1054;амвон;{"name":"амвон"}
1055;всполох;{"name":"всполох"}
1056;бутоньерка;{"name":"бутоньерка"}
1057;неурядица;{"name":"неурядица"}
1058;распря;{"name":"распря"}
1059;стеклярус;{"name":"стеклярус"}
1060;балаган;{"name":"балаган"}
1061;лацкан;{"name":"лацкан"}
1062;непоседа;{"name":"непоседа"}
1063;кирасир;{"name":"кирасир"}
1064;беглянка;{"name":"беглянка"}
1065;спаржа;{"name":"спаржа"}
1066;чертополох;{"name":"чертополох"}
1067;домочадец;{"name":"домочадец"}
1068;груда;{"name":"груда"}
1069;цитадель;{"name":"цитадель"}
1070;автопилот;{"name":"автопилот"}
1071;пропеллер;{"name":"пропеллер"}
1072;аэродром;{"name":"аэродром"}
1073;нахал;{"name":"нахал"}
1074;чревоугодие;{"name":"чревоугодие"}
1075;экзальтация;{"name":"экзальтация"}
1076;генератор;{"name":"генератор"}
1077;халтура;{"name":"халтура"}
1078;крендель;{"name":"крендель"}
1079;синоним;{"name":"синоним"}
1080;моцион;{"name":"моцион"}
1081;картуз;{"name":"картуз"}
1082;патина;{"name":"патина"}
1083;циновка;{"name":"циновка"}
1084;алхимия;{"name":"алхимия"}
1085;сельва;{"name":"сельва"}
1086;кутерьма;{"name":"кутерьма"}
1087;дезабилье;{"name":"дезабилье"}
1088;кефир;{"name":"кефир"}
1089;виноград;{"name":"виноград"}
1090;скрипка;{"name":"скрипка"}
1091;круговерть;{"name":"круговерть"}
1092;похмелье;{"name":"похмелье"}
1093;снежинка;{"name":"снежинка"}
1094;паства;{"name":"паства"}
1095;лебедь;{"name":"лебедь"}
1096;веретено;{"name":"веретено"}
1097;лапушка;{"name":"лапушка"}
1098;диаспора;{"name":"диаспора"}
1099;автолавка;{"name":"автолавка"}
1100;толчея;{"name":"толчея"}
1101;баклага;{"name":"баклага"}
1102;клякса;{"name":"клякса"}
1103;пилон;{"name":"пилон"}
1104;хлястик;{"name":"хлястик"}
1105;нищета;{"name":"нищета"}
1106;изразец;{"name":"изразец"}
1107;кафтан;{"name":"кафтан"}
1108;баланда;{"name":"баланда"}
1109;сарацин;{"name":"сарацин"}
1110;сарафан;{"name":"сарафан"}
1111;треволнение;{"name":"треволнение"}
1112;тушёнка;{"name":"тушёнка"}
1113;чистюля;{"name":"чистюля"}
1114;физиология;{"name":"физиология"}
1115;заваруха;{"name":"заваруха"}
1116;мухобойка;{"name":"мухобойка"}
1117;супостат;{"name":"супостат"}
1118;пристрастие;{"name":"пристрастие"}
1119;распашонка;{"name":"распашонка"}
1120;квартал;{"name":"квартал"}
1121;ромашка;{"name":"ромашка"}
1122;абонемент;{"name":"абонемент"}
1123;удобрение;{"name":"удобрение"}
1124;подземелье;{"name":"подземелье"}
1125;шиповник;{"name":"шиповник"}
1126;аэростат;{"name":"аэростат"}
1127;иллюминация;{"name":"иллюминация"}
1128;декларация;{"name":"декларация"}
1129;диагноз;{"name":"диагноз"}
1130;заработок;{"name":"заработок"}
1131;железо;{"name":"железо"}
1132;килограмм;{"name":"килограмм"}
1133;испарение;{"name":"испарение"}
1134;кишечник;{"name":"кишечник"}
1135;кастаньета;{"name":"кастаньета"}
1136;баптизм;{"name":"баптизм"}
1137;листопад;{"name":"листопад"}
1138;сверстник;{"name":"сверстник"}
1139;спутник;{"name":"спутник"}
1140;манекен;{"name":"манекен"}
1141;спецназ;{"name":"спецназ"}
1142;подсолнух;{"name":"подсолнух"}
1143;конвейер;{"name":"конвейер"}
1144;эволюция;{"name":"эволюция"}
1145;разрушение;{"name":"разрушение"}
1146;позвоночник;{"name":"позвоночник"}
1147;кружево;{"name":"кружево"}
1148;рабство;{"name":"рабство"}
1149;ресница;{"name":"ресница"}
1150;граната;{"name":"граната"}
1151;экватор;{"name":"экватор"}
1152;черепок;{"name":"черепок"}
1153;прожилка;{"name":"прожилка"}
1154;отжимание;{"name":"отжимание"}
1155;ридикюль;{"name":"ридикюль"}
1156;хулиган;{"name":"хулиган"}
1157;кофемолка;{"name":"кофемолка"}
1158;картофель;{"name":"картофель"}
1159;мимоза;{"name":"мимоза"}
1160;кольчуга;{"name":"кольчуга"}
1161;нарцисс;{"name":"нарцисс"}
1162;штиблета;{"name":"штиблета"}
1163;гребень;{"name":"гребень"}
1164;подкова;{"name":"подкова"}
1165;расставание;{"name":"расставание"}
1166;церемония;{"name":"церемония"}
1167;лопата;{"name":"лопата"}
1168;балюстрада;{"name":"балюстрада"}
1169;причёска;{"name":"причёска"}
1170;амфибия;{"name":"амфибия"}
1171;сомбреро;{"name":"сомбреро"}
1172;дождевик;{"name":"дождевик"}
1173;горностай;{"name":"горностай"}
1174;киноварь;{"name":"киноварь"}
1175;сапожник;{"name":"сапожник"}
1176;равновесие;{"name":"равновесие"}
1177;механик;{"name":"механик"}
1178;скакалка;{"name":"скакалка"}
1179;шампанское;{"name":"шампанское"}
1180;фотограф;{"name":"фотограф"}
1181;галантерея;{"name":"галантерея"}
1182;демонстрация;{"name":"демонстрация"}
1183;коленвал;{"name":"коленвал"}
1184;дурень;{"name":"дурень"}
1185;подмастерье;{"name":"подмастерье"}
1186;черепаха;{"name":"черепаха"}
1187;брусника;{"name":"брусника"}
1188;антенна;{"name":"антенна"}
1189;спряжение;{"name":"спряжение"}
1190;медицина;{"name":"медицина"}
1191;хрусталик;{"name":"хрусталик"}
1192;фундамент;{"name":"фундамент"}
1193;протоплазма;{"name":"протоплазма"}
1194;варенье;{"name":"варенье"}
1195;грабитель;{"name":"грабитель"}
1196;оргстекло;{"name":"оргстекло"}
1197;консьерж;{"name":"консьерж"}
1198;королевич;{"name":"королевич"}
1199;гектар;{"name":"гектар"}
1200;вакханалия;{"name":"вакханалия"}
1201;генеалогия;{"name":"генеалогия"}
1202;шансон;{"name":"шансон"}
1203;шарманщик;{"name":"шарманщик"}
1204;тарзанка;{"name":"тарзанка"}
1205;лежбище;{"name":"лежбище"}
1206;телепат;{"name":"телепат"}
1207;ласточка;{"name":"ласточка"}
1208;скатерть;{"name":"скатерть"}
1209;взятка;{"name":"взятка"}
1210;пограничник;{"name":"пограничник"}
1211;мигрень;{"name":"мигрень"}
1212;валторна;{"name":"валторна"}
1213;дворецкий;{"name":"дворецкий"}
1214;сатирик;{"name":"сатирик"}
1215;электровоз;{"name":"электровоз"}
1216;буддизм;{"name":"буддизм"}
1217;отвага;{"name":"отвага"}
1218;постамент;{"name":"постамент"}
1219;южанин;{"name":"южанин"}
1220;шелкография;{"name":"шелкография"}
1221;влечение;{"name":"влечение"}
1222;миниатюра;{"name":"миниатюра"}
1223;маракуйя;{"name":"маракуйя"}
1224;фортепиано;{"name":"фортепиано"}
1225;англоман;{"name":"англоман"}
1226;хардкор;{"name":"хардкор"}
1227;мамлюк;{"name":"мамлюк"}
1228;теннисист;{"name":"теннисист"}
1229;хореограф;{"name":"хореограф"}
1230;церковник;{"name":"церковник"}
1231;попаданец;{"name":"попаданец"}
1232;целитель;{"name":"целитель"}
1233;чернослив;{"name":"чернослив"}
1234;самомнение;{"name":"самомнение"}
1235;баранка;{"name":"баранка"}
1236;павиан;{"name":"павиан"}
1237;скорлупа;{"name":"скорлупа"}
1238;стремя;{"name":"стремя"}
1239;проклятие;{"name":"проклятие"}